titulo,link,foto,disponible,descripcion,sabor,precio
Rebuild Strength de Herbalife24,https://natursur.herbalife.com/es-es/u/products/rebuild-strength-herbalife24-chocolate-1000g-403k,https://natursur.herbalife.com/dmassets/market-reusable-assets/emea/spain/images/canister/pc-403k-es.png:tile-w405h566?fmt=webp-alpha,True,1000 g,Chocolate,71.61
Loción Nutritiva para Manos y Cuerpo de HL/Skin,https://natursur.herbalife.com/es-es/u/products/hl-skin-locion-nutritiva-para-manos-cuerpo-147ml-514k,https://natursur.herbalife.com/dmassets/market-reusable-assets/emea/spain/images/canister/pc-514k-es.png:tile-w405h566?fmt=webp-alpha,True,147 ml,,27.95
Bolsa de Regalo Premium,https://natursur.herbalife.com/es-es/u/products/bolsa-de-regalo-premium-pequena-1m52,https://natursur.herbalife.com/dmassets/market-reusable-assets/emea/spain/images/canister/pc-1m52-es.png:tile-w405h566?fmt=webp-alpha,True,250 x 190 x 100 mm |  + 1 Tamaños,,7.16
Herbalife Gels ViewVita,https://natursur.herbalife.com/es-es/u/products/herbalife-gels-viewvita-frutos-del-bosque-citricos-30-gelatinas-masticables-376k,https://natursur.herbalife.com/dmassets/market-reusable-assets/emea/spain/images/canister/pc-376k-es.png:tile-w405h566?fmt=webp-alpha,True,30 gelatinas masticables,Frutos del bosque y cítricos,59.42
Herbalife Gels NutrientVita Kids,https://natursur.herbalife.com/es-es/u/products/herbalife-gels-nutrientvita-kids-tutti-frutti-30-gelatinas-masticables-369k,https://natursur.herbalife.com/dmassets/market-reusable-assets/emea/spain/images/canister/pc-369k-es.png:tile-w405h566?fmt=webp-alpha,True,30 gelatinas masticables,Tutti frutti,20.39
Herbalife Gels MindVita Kids,https://natursur.herbalife.com/es-es/u/products/herbalife-gels-mindvita-kids-limon-frutos-rojos-30-gelatinas-masticables-379k,https://natursur.herbalife.com/dmassets/market-reusable-assets/emea/spain/images/canister/pc-379k-es.png:tile-w405h566?fmt=webp-alpha,True,30 gelatinas masticables,Limón y frutos rojos,44.78
Phyto Complete,https://natursur.herbalife.com/es-es/u/products/phyto-complete-42-8g-236k,https://natursur.herbalife.com/dmassets/regional-reusable-assets/emea/images/product-canister/pc-236k-es.png:tile-w405h566?fmt=webp-alpha,True,42.8 g,,79.65
​​Collagen Skin Booster de Herbalife SKIN,https://natursur.herbalife.com/es-es/u/products/collagen-skin-booster-herbalife-skin-fresa-y-limon-171g-076k,https://natursur.herbalife.com/dmassets/regional-reusable-assets/emea/images/product-canister/pc-076k-es.png:tile-w405h566?fmt=webp-alpha,True,171 g,Fresa y Limón,78.52
Bebida con Proteínas en Polvo,https://natursur.herbalife.com/es-es/u/products/bebida-con-proteinas-en-polvo-vainilla-588g-2600,https://natursur.herbalife.com/dmassets/regional-reusable-assets/emea/images/product-canister/pc-2600-es-pt.png:tile-w405h566?fmt=webp-alpha,True,588 g,Vainilla,67.89
Herbalife24 Creatine+,https://natursur.herbalife.com/es-es/u/products/herbalife24-creatine-228g-488k,https://natursur.herbalife.com/dmassets/market-reusable-assets/emea/spain/images/canister/pc-488k-es.png:tile-w405h566?fmt=webp-alpha,True,228 g,Unflavoured,34.93
Fórmula 1 Alimento Equilibrado,https://natursur.herbalife.com/es-es/u/products/formula-1-alimento-equilibrado-galleta-crujiente-550g-4467,https://natursur.herbalife.com/dmassets/regional-reusable-assets/emea/images/product-canister/pc-4467-es.png:tile-w405h566?fmt=webp-alpha,True,,Galleta Crujiente,58.34
Bebida Instantánea de Extracto de Té con Plantas Aromáticas,https://natursur.herbalife.com/es-es/u/products/bebida-instantanea-extracto-te-plantas-aromaticas-frambuesa-51g-168k,https://natursur.herbalife.com/dmassets/regional-reusable-assets/emea/images/product-canister/pc-168k-es-pt.png:tile-w405h566?fmt=webp-alpha,True,,Frambuesa,39.46
Fórmula 1 Alimento Equilibrado,https://natursur.herbalife.com/es-es/u/products/formula-1-alimento-equilibrado-chocolate-cremoso-550g-4468,https://natursur.herbalife.com/dmassets/regional-reusable-assets/emea/images/product-canister/pc-4468-es.png:tile-w405h566?fmt=webp-alpha,True,,Chocolate Cremoso,58.34
Concentrado Herbal Aloe,https://natursur.herbalife.com/es-es/u/products/concentrado-herbal-aloe-mango-473ml-1065,https://natursur.herbalife.com/dmassets/regional-reusable-assets/emea/images/product-canister/pc-1065-es-pt.png:tile-w405h566?fmt=webp-alpha,True,,Mango,50.67
Fórmula 3 Polvo de Proteínas Personalizado,https://natursur.herbalife.com/es-es/u/products/formula-3-polvo-proteinas-personalizado-240g-0242,https://natursur.herbalife.com/dmassets/regional-reusable-assets/emea/images/product-canister/pc-0242-es-pt.png:tile-w405h566?fmt=webp-alpha,True,240 g,,47.47
Bebida Instantánea de Extracto de Té con Plantas Aromáticas,https://natursur.herbalife.com/es-es/u/products/bebida-instantanea-extracto-te-plantas-aromaticas-durazno-51g-169k,https://natursur.herbalife.com/dmassets/regional-reusable-assets/emea/images/product-canister/pc-169k-es-pt.png:tile-w405h566?fmt=webp-alpha,True,,Melocotón,39.46
Bebida Instantánea de Extracto de Té con Plantas Aromáticas,https://natursur.herbalife.com/es-es/u/products/bebida-instantanea-extracto-te-plantas-aromaticas-limon-51g-167k,https://natursur.herbalife.com/dmassets/regional-reusable-assets/emea/images/product-canister/pc-167k-es-pt.png:tile-w405h566?fmt=webp-alpha,True,,Limón,39.46
Herbalifeline® Max,https://natursur.herbalife.com/es-es/u/products/herbalifeline-max-42g-0043,https://natursur.herbalife.com/dmassets/regional-reusable-assets/emea/images/product-canister/pc-0043-es-pt.png:tile-w405h566?fmt=webp-alpha,True,42 g,,39.23
​​Fórmula 2 Complejo de vitaminas y minerales para hombre​,https://natursur.herbalife.com/es-es/u/products/formula-2-complejo-vitaminas-minerales-hombre-85-3g-1800,https://natursur.herbalife.com/dmassets/regional-reusable-assets/emea/images/product-canister/pc-264k-es.png:tile-w405h566?fmt=webp-alpha,True,85.3 g,,28.41
Niteworks®,https://natursur.herbalife.com/es-es/u/products/niteworks-limon-150g-3150,https://natursur.herbalife.com/dmassets/regional-reusable-assets/emea/images/product-canister/pc-3150-es-pt.png:tile-w405h566?fmt=webp-alpha,True,150 g,Limón,104.15
​​Barritas de Proteínas Achieve de Herbalife24®​,https://natursur.herbalife.com/es-es/u/products/barritas-proteinas-achieve-herbalife24-chocolate-negro-6x-60g-150k,https://natursur.herbalife.com/dmassets/regional-reusable-assets/emea/images/product-canister/pc-150k-es-pt.png:tile-w405h566?fmt=webp-alpha,True,,Chocolate Negro,21.70
Tri Blend Select,https://natursur.herbalife.com/es-es/u/products/tri-blend-select-cafe-caramelo-600g-052k,https://natursur.herbalife.com/dmassets/regional-reusable-assets/emea/images/product-canister/pc-052k-emea.png:tile-w405h566?fmt=webp-alpha,True,,Caramelo de Café,83.70
​​Crema Revitalizante de Noche de Herbalife SKIN​,https://natursur.herbalife.com/es-es/u/products/crema-revitalizante-noche-herbalife-skin-50ml-0827,https://natursur.herbalife.com/dmassets/regional-reusable-assets/emea/images/product-canister/pc-0827-it-es-pt.png:tile-w405h566?fmt=webp-alpha,True,50 ML,,58.19
Multicuchara de Herbalife,https://natursur.herbalife.com/es-es/u/products/multicuchara-de-herbalife-9b48,https://natursur.herbalife.com/dmassets/market-reusable-assets/emea/spain/images/canister/pc-9b48-es.png:tile-w405h566?fmt=webp-alpha,True,,,2.25
Fórmula 1 Alimento Equilibrado,https://natursur.herbalife.com/es-es/u/products/formula-1-alimento-equilibrado-chocolate-cremoso-7-x-26g-229K,https://natursur.herbalife.com/dmassets/regional-reusable-assets/emea/images/product-canister/pc-229k-emea.png:tile-w405h566?fmt=webp-alpha,True,,Chocolate Cremoso,24.30
LiftOff®,https://natursur.herbalife.com/es-es/u/products/liftoff-lima-limon-10-x-4-5g-3152,https://natursur.herbalife.com/dmassets/regional-reusable-assets/emea/images/product-canister/pc-3152-es-pt.png:tile-w405h566?fmt=webp-alpha,True,10 x 4.5 g,Lima-Limón,38.15
Fórmula 1 Alimento Equilibrado,https://natursur.herbalife.com/es-es/u/products/formula-1-alimento-equilibrado-crema-vainilla-7-x-26g-053k,https://natursur.herbalife.com/dmassets/regional-reusable-assets/emea/images/product-canister/pc-053k-es.png:tile-w405h566?fmt=webp-alpha,True,,Crema de Vainilla,24.30
​​Mascarilla Purificante de Arcilla con Menta de Herbalife SKIN​,https://natursur.herbalife.com/es-es/u/products/mascarilla-purificante-arcilla-con-menta-herbalife-skin-120ml-0773,https://natursur.herbalife.com/dmassets/regional-reusable-assets/emea/images/product-canister/pc-0773-it-es-pt.png:tile-w405h566?fmt=webp-alpha,True,120 ml,,25.34
Fórmula 1 Alimento Equilibrado,https://natursur.herbalife.com/es-es/u/products/formula-1-alimento-equilibrado-menta-chocolate-550g-4471,https://natursur.herbalife.com/dmassets/regional-reusable-assets/emea/images/product-canister/pc-4471-es-pt.png:tile-w405h566?fmt=webp-alpha,True,,Menta y Chocolate,58.34
​​Barritas con Proteínas​,https://natursur.herbalife.com/es-es/u/products/barritas-proteina-limon-14-x-35g-3976,https://natursur.herbalife.com/dmassets/regional-reusable-assets/emea/images/product-canister/pc-3976-es-pt.png:tile-w405h566?fmt=webp-alpha,True,,Limón,26.92
Barritas Fórmula 1 Express,https://natursur.herbalife.com/es-es/u/products/healthy-meal-bar-ar-ndanos-y-chocolate-blanco-7-barritas-4473,https://natursur.herbalife.com/dmassets/market-reusable-assets/emea/spain/images/canister/pc-4473-es.png:tile-w405h566?fmt=webp-alpha,True,,Arándanos y chocolate blanco,29.50
Bebida Vegana con Proteínas en Polvo,https://natursur.herbalife.com/es-es/u/products/bebida-vegana-con-proteinas-en-polvo-vainilla-560g-172k,https://natursur.herbalife.com/dmassets/regional-reusable-assets/emea/images/product-canister/pc-172k-es-pt.png:tile-w405h566?fmt=webp-alpha,True,560 g |  + 1 Tamaños,Vainilla,64.66
Xtra-Cal®,https://natursur.herbalife.com/es-es/u/products/xtra-cal-133g-0020,https://natursur.herbalife.com/dmassets/regional-reusable-assets/emea/images/product-canister/pc-2032-es.png:tile-w405h566?fmt=webp-alpha,True,133 g,,21.92
Paquete de prueba,https://natursur.herbalife.com/es-es/u/products/paquete-de-prueba-8b25,https://natursur.herbalife.com/dmassets/regional-reusable-assets/emea/images/product-canister/pc-8b25-emea.png:tile-w405h566?fmt=webp-alpha,True,,,15.35
Cuchara Sostenible para Beta heart® / Rebuild Strength® H24,https://natursur.herbalife.com/es-es/u/products/cuchara-sostenible-beta-heart-rebuild-strength-h24-1b42,https://natursur.herbalife.com/dmassets/regional-reusable-assets/emea/images/product-canister/pc-1b42-emea.png:tile-w405h566?fmt=webp-alpha,True,,,1.00
Barritas Fórmula 1 Express,https://natursur.herbalife.com/es-es/u/products/barritas-formula-1-express-chocolate-negro-7-x-56g-4472,https://natursur.herbalife.com/dmassets/regional-reusable-assets/emea/images/product-canister/pc-4472-es-pt.png:tile-w405h566?fmt=webp-alpha,True,,Chocolate Negro,29.50
Desayuno Saludable​,https://natursur.herbalife.com/es-es/u/products/desayuno-saludable-cafe-latte-1-paquete-de-productos-550g-2590,https://natursur.herbalife.com/dmassets/regional-reusable-assets/emea/images/product-canister/pc-2590-es.png:tile-w405h566?fmt=webp-alpha,True,,Café Latte,148.47
Desayuno Saludable​,https://natursur.herbalife.com/es-es/u/products/desayuno-saludable-delicia-fresa-1-paquete-de-productos-550g-3393,https://natursur.herbalife.com/dmassets/regional-reusable-assets/emea/images/product-canister/pc-3393-es.png:tile-w405h566?fmt=webp-alpha,True,,Delicia de Fresa,148.47
Desayuno Saludable​,https://natursur.herbalife.com/es-es/u/products/desayuno-saludable-chocolate-cremoso-1-paquete-de-productos-550g-3392,https://natursur.herbalife.com/dmassets/regional-reusable-assets/emea/images/product-canister/pc-3392-es.png:tile-w405h566?fmt=webp-alpha,True,,Chocolate Cremoso,148.47
Fórmula 1 Alimento Equilibrado,https://natursur.herbalife.com/es-es/u/products/formula-1-alimento-equilibrado-delicia-fresa-550g-4463,https://natursur.herbalife.com/dmassets/regional-reusable-assets/emea/images/product-canister/pc-4463-es-pt.png:tile-w405h566?fmt=webp-alpha,True,,Delicia de Fresa,58.34
​​Barritas con Proteínas​,https://natursur.herbalife.com/es-es/u/products/barritas-proteina-vainilla-almendra-14-x-35g-3968,https://natursur.herbalife.com/dmassets/regional-reusable-assets/emea/images/product-canister/pc-3968-es-pt.png:tile-w405h566?fmt=webp-alpha,True,,Vainilla y Almendra,26.92
Desayuno Saludable​,https://natursur.herbalife.com/es-es/u/products/desayuno-saludable-platano-1-paquete-de-productos-550g-2588,https://natursur.herbalife.com/dmassets/regional-reusable-assets/emea/images/product-canister/pc-2588-es.png:tile-w405h566?fmt=webp-alpha,True,,Plátano,148.47
Fórmula 1 Alimento Equilibrado,https://natursur.herbalife.com/es-es/u/products/formula-1-alimento-equilibrado-delicia-fresa-550g-4463,https://natursur.herbalife.com/dmassets/regional-reusable-assets/emea/images/product-canister/pc-4463-es-pt.png:tile-w405h566?fmt=webp-alpha,True,,Delicia de Fresa,58.34
​​Barritas con Proteínas​,https://natursur.herbalife.com/es-es/u/products/barritas-proteina-vainilla-almendra-14-x-35g-3968,https://natursur.herbalife.com/dmassets/regional-reusable-assets/emea/images/product-canister/pc-3968-es-pt.png:tile-w405h566?fmt=webp-alpha,True,,Vainilla y Almendra,26.92
Desayuno Saludable​,https://natursur.herbalife.com/es-es/u/products/desayuno-saludable-platano-1-paquete-de-productos-550g-2588,https://natursur.herbalife.com/dmassets/regional-reusable-assets/emea/images/product-canister/pc-2588-es.png:tile-w405h566?fmt=webp-alpha,True,,Plátano,148.47
Protein Chips,https://natursur.herbalife.com/es-es/u/products/protein-chips-barbacoa-10-x-30g-141k,https://natursur.herbalife.com/dmassets/regional-reusable-assets/emea/images/product-canister/pc-141k-es-pt.png:tile-w405h566?fmt=webp-alpha,True,,Barbacoa,25.48
AloeMax,https://natursur.herbalife.com/es-es/u/products/aloe-max-473ml-1196,https://natursur.herbalife.com/dmassets/regional-reusable-assets/emea/images/product-canister/pc-1196-es.png:tile-w405h566?fmt=webp-alpha,True,473 ml (473 g),,57.00
Bebida Instantánea de Extracto de Té con Plantas Aromáticas,https://natursur.herbalife.com/es-es/u/products/bebida-instantanea-extracto-te-plantas-aromaticas-original-51g-165k,https://natursur.herbalife.com/dmassets/regional-reusable-assets/emea/images/product-canister/pc-165k-es-pt.png:tile-w405h566?fmt=webp-alpha,True,,Original,39.46
Active Mind Complex,https://natursur.herbalife.com/es-es/u/products/active-mind-complex-40-2g-243k,https://natursur.herbalife.com/dmassets/regional-reusable-assets/emea/images/product-canister/pc-243k-es.png:tile-w405h566?fmt=webp-alpha,True,40.2 g,,51.22
Crema Tensora Ultimate de HL/Skin,https://natursur.herbalife.com/es-es/u/products/hl-skin-crema-tensora-ultimate-50ml-513k,https://natursur.herbalife.com/dmassets/market-reusable-assets/emea/spain/images/canister/pc-513k-es.png:tile-w405h566?fmt=webp-alpha,False,50 ml,,61.88
Protein Chips,https://natursur.herbalife.com/es-es/u/products/protein-chips-sour-cream-onion-10-x-30g-142k,https://natursur.herbalife.com/dmassets/regional-reusable-assets/emea/images/product-canister/pc-142k-es-pt.png:tile-w405h566?fmt=webp-alpha,True,,Sour Cream and Onion,25.48
